,en,es,fr,ru,ar,hi,zh-Hans,ja,ta,tr,ko
RS,4.878181644170187,4.916350269703946,4.937987000382719,5.39450160680109,4.5502940848471685,4.745387495151817,11.436522286498285,9.094912585178607,4.804693826684755,4.859763820094852,8.532849039812099
GL,4.574023070207201,4.306208669443024,4.645916647066509,4.958976338148985,4.497234549031486,5.222873228674688,11.917861033306153,7.902706358691795,4.542542875899974,4.988498526185862,9.576801882329603
KE,5.424901627853773,5.289760999399916,6.055091997397165,5.274813088784484,4.103172046315082,4.411308962481998,11.855178025922044,9.687672698110044,4.753956997746465,4.780051549061799,11.934956178893604
KM,4.795028898008858,4.599508243996043,4.710538104859562,5.179960724147523,4.975737815764472,4.769083277033608,11.56935870062174,9.65083304336965,5.640344375855144,4.933382615755302,8.369569190157621
CX,4.8481677085852635,5.298766049285182,5.83267046303789,5.372437260425418,4.99491025576971,5.037116931833999,13.692943368402306,8.798577992816407,5.2163279955599045,5.441376389044415,9.217433102157543
VG,5.056394859949681,5.319574127683467,5.215069898887602,5.353057505114731,4.870443893842583,5.423065621613238,11.474647253124502,10.966068022348008,4.972221474550175,5.234637742218764,9.209943607135484
VE,5.36247902786233,4.868078983446463,5.054415850250214,5.190572359843089,4.426033063466538,5.461870945489421,10.995498636698857,9.975264870785727,5.0435687581821895,4.883727397548257,10.173689287156881
GU,6.056532405089423,5.7865394276282345,5.866445906851545,6.187459643789023,4.77739313576455,6.201071470321464,11.814118747415726,9.073040278633819,4.125947618986715,5.671661526176024,17.88116327693444
SH,5.22624787469063,4.844914401603265,5.509479804620028,6.302161448427814,4.308719126196524,4.860490165585173,12.626593003563158,9.449825386853801,5.732414633099755,4.996939925555709,9.460844448279047
BT,4.999927703447818,6.183346654818697,5.238599347994503,5.462970599057284,4.188104625330577,5.845750078333675,10.327663093683919,7.955773489062078,4.92640577574194,4.936691595621025,9.265059580338194
PM,5.779952035886277,5.601762675503093,5.15526399463088,5.668439364426709,4.539249678789773,5.259772829320799,11.439992281968312,9.07562947344876,5.4201258859376145,5.77624614910741,10.140240230669246
GD,4.727543839617804,4.511474413928389,4.606240903221985,5.001435787611556,4.455312323661556,4.709716206521266,11.172144604166261,9.75217570221083,4.824383936365728,4.507591746487774,7.84715058142322
SK,5.206927308599606,4.872499199918218,5.069381522138409,4.961962792722544,4.166243349424153,4.716559494706848,11.260771488030747,8.87519969542638,5.195283432670226,5.0987602113958745,9.399608240399626
WS,4.968156863389025,4.811065043402496,5.2233188077345885,4.935198746907442,3.8472583615035227,5.582226480485959,12.389800722793012,9.48032645926124,5.498610967121239,5.115627221525207,7.722302451421946
GM,5.482492794385102,5.351857160708349,5.510796537031769,5.826593406595625,4.381834758301034,4.91129031321871,12.43750642924818,9.106410475071634,4.294651194462985,5.048881933114428,8.40022376352792
BB,4.945406414490352,4.838380646672805,5.082053562853354,5.089558952171476,4.549818525793457,5.003302843198571,9.875225198836057,8.68333319671,4.703089797464269,4.894643868721833,8.146980170279065
MU,4.731251523392844,4.640650600125582,4.682479919380993,5.1328291675499385,4.589575334324573,5.651275194913524,10.62378380873702,8.62342236646949,5.279956003272032,4.816762801337099,9.488777059296233
TJ,5.159028030645801,5.898653878587939,5.40651266232094,4.9351721749961825,4.704555960112104,4.644346708219528,11.00462894612654,8.436361247896732,4.911737910585705,4.748295642933569,9.119455282649904
TM,4.682582161341597,5.4849884215156415,5.128811894505594,4.786623707739275,4.312433644810178,4.671662242568398,11.734562490739021,8.307734022670294,4.402596870291556,4.673850606502994,9.722719572955404
KG,5.774984832117716,5.593419946950156,5.65740827733217,5.351335504731685,4.972903430861027,5.020597891880291,10.7969588648656,9.239250200941187,4.2586002031130725,4.976843272860597,8.932464494585524
AG,5.718798406442484,5.499483984155048,5.371334656435584,5.609394723370558,4.737058995100019,6.023886864859648,10.758787890418745,8.554417433192764,4.793087607353616,5.335254951081136,9.21923503824223
ME,4.387384000315362,4.525466368812576,5.063116911309206,5.0198361211128955,4.454089494771389,4.913338322874894,10.781423625858121,9.269343673936968,4.920259767428162,4.726699263000623,10.445599568802857
OM,5.770759740637669,6.94308742311953,5.825442325744836,5.557107043057381,5.433238877403544,5.837020700777202,11.574067129702577,8.16253246877293,5.889082640711851,5.631364214568157,8.203876241728194
IE,4.685589686494586,4.711909138213689,4.739551231737449,5.190541630095017,4.191867490945153,5.710748184129917,11.689759489373662,8.069770198630598,4.563651109220633,4.518112826084889,8.970023721146221
KN,6.072719469335209,5.533481613543575,5.617111053748577,5.657707566873861,4.818388790062821,5.404406910606471,10.982831980769516,8.617835675345953,5.899231237099087,5.815401052022247,9.590594083648158
NZ,5.601928130552555,5.389054143337355,5.391645231027648,5.474506231195162,4.311384806879925,5.818365413694335,10.248448692028257,8.265569810948167,4.93323654962259,5.261452303923191,10.776798810072766
YT,4.6548987253003125,4.986635077120489,5.1912133338096496,4.955421435165491,3.884863010716221,4.784875114598022,10.710974007253013,9.582837861116314,4.9204731370002435,5.091975518256464,8.93942660859481
PY,5.134602416736617,5.081634790559555,5.477008696887674,5.173067753158355,4.209758297599341,4.818266366205868,12.291798448013884,8.772912868420809,4.79011551557064,4.978962413904324,7.490086932019181
GH,5.107593161392574,5.452247318052907,5.728994571414118,5.456174229606964,4.471655141861925,5.451874837538442,10.941412194084355,9.181665870483535,4.605661562273718,4.864511038890446,6.921381166489668
JE,5.069267766627877,5.225652280112352,5.33125688703923,5.4681353364587695,4.69774855103523,4.757882221959855,11.972198175333569,8.195062211380321,5.636770144919402,5.644175547469235,8.129839894435602
MM,6.109052588360771,5.6910913557514515,5.787081344755946,6.571195778804032,5.020760619990701,5.4331597191587635,15.479019312529788,9.357206902147034,5.185443949263833,5.95507766081943,10.883332652287935
CH,5.123317674232367,5.737956500082226,4.5919099533961925,5.713558086949662,4.3141547652105166,5.552335386783093,11.300604221030724,7.605012450427096,4.505028841581201,5.498540288108671,7.78008188034046
VA,5.227460776952651,4.917632836181781,5.571730417658814,4.70693218953546,3.934995403601588,5.213561641962461,14.928241071601553,9.209823068158087,4.668584808600701,4.939789545262562,10.171132160841934
LA,5.2767812956101405,4.826423535072448,4.9738289523689065,5.549049460096788,3.8803304393830915,5.875496706733931,14.514292607188867,8.588556848765709,5.678111411408999,6.128914197345661,7.936472564802789
NE,5.256254206323041,6.241423853017944,5.48242303314319,5.425344133998239,4.122157877436453,5.077837955493602,9.830206991902815,8.776194386957757,5.712887874320585,6.433402316023131,8.71968166451398
AR,4.470758648861982,4.633657722318194,4.543583807815271,4.787286886425386,4.3772359279552475,4.962125636686871,11.649780145964465,8.802931895754826,5.1796586621416525,5.220236644667586,10.23151444046195
MA,4.947467757482039,4.4468403693749945,5.198172524486753,4.878527722774874,4.562917249529817,4.577126323470444,12.436465379261897,9.276981812478574,4.868616332244573,6.133688925038574,8.369569190157621
SJ,5.848678293153634,5.691750969320658,5.66970835483201,6.119896878634602,4.4619822212142966,5.2532180884005815,11.04179884745282,9.222267645693798,5.860339876367494,5.691723460868779,10.623019450810112
AF,4.643161016299853,5.356591447549312,5.121627602553,5.169422117465151,4.812703776697058,5.41969352645112,12.47818650470135,8.792799882339809,5.185875887671472,5.004385335249625,8.610228584883458
SI,4.744816485513166,4.522281113266406,4.989281500462234,4.824952155974641,4.106652926724795,4.825168295615671,10.498393279955573,9.148410213285802,5.537708129734757,5.035806607265849,9.496048471192356
NP,5.349307168270952,5.136763466540968,5.734981569103222,5.327395690483701,3.8037371568480673,4.563522854372424,11.94665784694451,8.615362925966883,4.974377345803456,5.64546727896748,12.445407107527583
TK,5.0908470312522,5.642999606957737,5.578601410721221,5.104527032054823,4.08833537801432,4.988021698924316,11.989046660702277,9.116442704945712,5.845922375139756,4.912223323161451,10.574174570479318
DO,5.162822228993664,5.167643530479912,4.893560044376237,5.051366254215149,4.454007339439408,5.404526380875345,9.439604605600389,10.233576969622847,4.783012785250323,5.298173363620244,8.75733734153252
IN,4.952715910702872,5.114299084558022,5.272281687467035,5.747607262588521,4.233043573164392,5.0358316363200935,10.600864075390085,7.920857938105757,4.748730836971525,4.687318125804935,6.934913767338961
EC,5.2304769073044985,4.65505074601652,5.247063382410144,5.294615359427573,4.393473850918727,5.201531052799536,12.321486263575268,8.741110603033327,5.035311714492316,5.377574049074512,9.987782088919099
SD,5.165665963334127,5.913612317886862,4.971344565783,5.417354049745512,3.9712789010578455,5.453457154869501,12.565786068238477,7.811052501310471,5.149266789556429,5.0975217205913665,8.107827082021942
BJ,4.759732027774814,5.694301673935256,5.2710618040187684,5.099345881754521,4.377662890921712,4.7936763250684535,13.290935327695385,9.267234499828428,4.6571325083428885,4.479009506998887,12.927597746223299
AW,5.537752899081539,5.403182542357859,5.5562366611144665,5.79598577892961,4.435709146947671,5.596518777199561,11.486783831595185,8.617421900782757,5.698986680822243,5.254133702080397,9.277646528435996
DK,5.243214957551104,4.547179130349864,5.311873036566908,5.442437829002868,4.074618169488135,4.6021650353131385,13.317072105918259,8.10679305089375,4.239002642495766,4.416983272640259,11.026049388118485
MH,4.870604670017164,5.119409518159874,5.812831630341981,5.376038832166019,4.871282083847713,5.298712714255979,12.109634790526325,9.77942886272051,5.173444174660177,4.90625949711613,9.839496058761734
ZA,5.184360610614045,5.408779502907799,5.732535715229021,5.685646289860005,4.849436573391643,5.86540918302909,10.152623333019644,9.533310663097337,4.650330662848805,5.6080702654854955,9.012904946544245
NC,4.977802797859023,4.868953876716171,4.982813070237037,5.217399381321515,4.334617601147748,5.3191202926430945,10.876527034187953,9.025341744277085,5.546042451937114,4.999695754370293,9.991136503513507
MR,4.448003186293379,4.357383837653491,4.320872009344824,4.726851397662356,3.864057561528758,5.12555787877818,11.211861221628732,8.733411516734574,5.520808907087181,4.6500321614227245,8.723491281724254
VU,5.203804782673757,4.975769011425457,4.924548010609624,5.013308623414117,4.066703164654657,6.142011741919709,12.053652508148977,10.776533091316322,4.41359483901529,5.228625877331008,9.65967377785175
IT,5.278602039830119,4.8829946477629615,4.753823863872151,5.343082405324606,4.2517190225857675,5.810081236574547,9.20887904513761,8.30988340598097,4.422813318301476,4.8605760071983735,8.020927678640135
ES,5.0666503681852575,5.453076307058219,5.10546994518532,5.2733094418525726,4.405220382900511,4.684364210724531,11.222124955629406,8.238199095847278,5.023351624176387,5.180134133635688,8.6718812548227
UA,5.140746460903888,4.718147409129195,5.484439838264183,4.92530352584384,4.248714535199275,4.876825231557147,11.854820718958175,8.88643132190596,4.562206701537666,4.983803862637104,7.5656026419348095
PW,5.261637654202815,4.4845287258106135,4.835213737354623,5.268211317670269,3.5835745677247224,6.594178482647568,13.53330053938831,9.384768699374826,5.382336403576309,4.99254857197874,9.738171717497465
BL,5.985243363389464,5.419817961525153,5.498500270835823,5.250522679665274,4.23007158236612,5.038409150112055,11.623906603209202,8.396721854887527,4.9509186539804215,5.010254273717139,9.934912479268247
IR,5.017921733243959,6.4563918366765325,5.287226657084139,5.510217889659602,4.446473830060903,5.0614590969449615,12.188021470120809,7.701002478898318,5.824204480442045,4.973950077369765,7.872328175027674
CA,4.693778472049563,5.13458396923617,4.722799093251796,4.918355295978276,4.535018385376398,4.566144579188577,9.905848006952054,9.972969432414084,4.579103267375687,4.38560044449953,8.585319417174317
TC,5.59651390486773,5.374227468679801,6.040113025045523,6.264446172826906,5.183205262446284,5.614873528672071,10.49187323066065,8.963614352283441,5.803838836699946,5.588297931103726,9.095457878503643
HR,4.4507710349603835,4.4361658029693,4.460570426382534,5.167166646027206,4.055558458825888,5.047981881456814,10.22603954289932,8.818187318295537,5.60249057728782,4.8358198684139575,8.374715917636498
TV,5.591994505993484,5.574965257799833,5.45373621184535,5.634094211682412,4.07527506670605,5.589256981776345,12.73214749883247,9.375979476824739,4.437207283083905,5.422951155956149,9.879222560362274
RO,4.860893599846928,5.408047594421733,4.7737711266368,5.623343297589536,3.7859202697388072,4.561056751512832,11.193603862387729,8.413182714411127,4.900521131897988,5.1749181267890245,9.072407628494428
TG,5.311988593233204,5.922726642472835,6.28081761742355,5.627403828228432,5.265207873122481,5.752153071269982,10.613471330979795,8.648256422039287,5.766211190573544,6.532931450209835,8.181289805942908
CZ,5.584144555534329,5.382200641386537,5.677915445789863,6.346031210306647,4.472547293594343,4.826483546171661,11.947704500635021,9.844983356814051,5.417440172552634,5.438784931487105,9.477603024112941
CN,4.874482212842652,5.339768098778091,5.244105662772428,5.412067165323644,4.180067618470363,5.434474504929248,8.054687983779678,9.46275417715523,5.943350510019119,6.101266951541109,7.7675167948823685
KZ,5.500419857376537,5.890885569189114,6.094005332105547,5.087421299521073,4.739095400095818,5.224343868302349,11.304159264301697,8.778880032238346,5.024185647944804,4.623077165912351,9.996256711823595
LK,5.541179997902275,5.9795472605485465,5.98094734232497,6.186342166617929,4.056382635615211,4.6780485593411205,10.430363874956353,8.08897836610606,5.144998152666832,5.587825377187817,9.329134269164303
AM,4.651176736090439,4.572285908063061,4.877545320871756,5.166857879958097,4.132540647602403,4.850551843826356,10.766123418071416,8.84844007837153,4.964776799424744,4.608630179370849,8.961716761021496
GN,4.942305059604263,4.792354673131202,5.0659097360777485,5.3720714220749946,4.522750179001327,5.021017618153881,11.401650743433683,10.067781128732266,4.4733187223143025,5.062132004688943,7.794833268434422
IL,4.687453830657727,4.751908201731667,6.445197127879889,5.541592085800468,4.853692078386769,5.909430348490123,9.434954158791903,8.32573331758417,5.3870285352865475,4.793290696509867,8.351086862523388
LT,4.6750426910273575,4.519772468639132,4.329188369102006,5.4071034939263,3.6725029466229633,5.519640334849772,13.154388441978789,8.571924839465616,4.799695717479033,5.137761724008893,8.333562040974888
NF,5.309583584188963,6.034362151045866,6.807947033359537,5.7585188353272665,5.018200263305312,6.170190813554858,11.807930324895075,9.246877004329779,5.595096482397404,5.843287620105974,14.777828525204855
KI,4.984227944861335,5.33504807193793,5.212547487919876,4.828961230440899,4.223928862829231,4.597041441384588,9.908319784917051,8.781366129836847,4.1487599991247475,4.655228940338508,8.611865653099924
GG,4.92324666230605,4.738681289308449,4.794771417125069,5.070922327954456,5.24901249105702,4.777686098470494,11.084479661009865,7.953737418045826,4.4137033540897255,4.928572128912908,7.7563746456512
JO,5.053392211461039,4.5709205881344035,4.670736710910578,5.0159102033051,4.266446796601944,5.859134713237887,12.897761606650786,9.600229153229954,5.214094798831918,5.9673603447784584,9.206673987047957
CK,5.232509631786716,5.946212372913482,6.90559491528627,5.773777011638945,5.8167627487152265,5.369194593475546,11.880557636315139,10.128473617983236,4.6816094493233775,5.450687684504415,11.226014471669654
NG,4.84129132786762,4.950188487819642,5.014469556554588,5.247097033555057,4.15319548643433,4.88054632317284,10.024117940160817,9.062132245549831,6.026021039004429,5.771567571291203,6.76598857580146
CL,4.9252438466917745,5.398860571507433,5.545001596194738,5.936365734193621,4.391115888097508,5.377089604962577,11.329951146659313,9.053023073067692,4.658927344675796,5.472655654345575,11.811458383823517
TN,4.6715606656555995,6.860319561885173,4.6283133714312,5.470010657959326,4.63599301139041,5.386717672617281,10.664962507950243,9.468702236604056,4.67292257140706,5.56075140146768,10.15215785884453
AU,4.596095489527254,4.486261175475898,4.411699632705676,4.967548792327976,4.055604037662482,5.312254854485342,10.379519892848208,8.080910384096665,5.297499330906829,4.9163175515689455,8.281117092591332
BW,4.730674684720666,4.623898187344352,5.495304288761879,4.727454973555144,4.164060338824752,4.831591268504502,12.623507691306196,10.63696926819254,5.065336005956717,4.9945180022554085,8.930932153799018
GR,4.737716469288921,4.784120738598682,6.0641319832078775,5.914393299123568,3.6439897638400254,5.170511655133632,13.240589365823897,9.757601407311332,5.405344877760471,4.607728375467039,7.80865134797025
PT,4.982760058728919,4.975319621968711,5.048273770971412,5.002586172772242,4.2145654910845245,5.063830651246569,13.758780785804177,9.00652833935131,4.221170379476178,5.24485055052347,10.226436992057563
IS,4.842654633391706,4.613909739747189,4.715663705768248,5.187576849400361,4.9562472896080765,6.044821578461281,13.051204710457284,8.003188687060879,5.514448943795766,4.841894735785806,9.07597815761459
GP,4.9464223442765825,4.7610247737070885,4.6853496403401715,5.195795526252152,4.644922399371208,5.46293122303483,11.859640732819047,8.322670375215525,4.666588332033179,5.075955526970606,9.02943230150418
BR,5.9311750709277,4.873281640737659,5.1265297623712796,5.286563901314599,4.021087130322399,5.260262195958671,10.074343813629937,8.779675391144519,4.664109515607375,4.638470989008049,9.462987353402506
MY,4.805167421644793,4.358004145401359,4.415238639763341,5.461119174543889,3.9232757597377215,4.969980605648159,10.475763119842814,8.400957945827427,5.208813250551796,4.804445720587235,7.849424230987571
BY,4.850863035608187,4.434842698484579,4.536746653449282,5.303579189209924,4.095598408498813,4.94787078033783,11.097726007253316,8.412589921966294,5.380771099282834,4.635193127906915,9.961362537757115
KW,5.494302619712513,6.831034032906188,7.765098477404396,5.553230338706318,4.055573496946466,5.505925032289024,10.361143577722535,8.547572655775296,4.12298576507967,5.60049927783943,10.071407972016505
AT,4.709586927996804,4.705151688509885,5.00335738923844,5.17922666012723,3.750621376027841,5.48152473726668,10.123134379453141,8.040552555887691,5.140200350158973,5.248306586102389,8.048185213889758
AS,4.897615848890736,4.755003447183369,4.692099054720288,4.9100886287758625,4.301589263349098,5.259327006810735,11.78912649328098,10.876193095989322,5.256969129222722,4.967130143242937,9.45308339273575
MN,4.780491235589114,4.77129582651684,4.905339385546804,5.054310969404532,4.3437581875905,5.025787093945625,11.732074143027848,9.34773113815684,4.995669385377065,5.083990429813447,13.649651559086376
MW,5.119006519798805,4.70547969303604,5.975109488199268,4.99339065831505,3.608598543717116,4.836603798108667,11.117160740315882,8.837802648014573,4.68089329344314,4.849536834442778,8.167132673720355
CF,5.083232403786333,4.948946138596172,4.789955798461963,5.350256229901477,4.903291071396442,5.805620012788449,8.957084183430407,10.109979691855818,4.564930149980499,5.523256483054306,9.307688390063777
LU,5.789884113172803,5.662075558087628,5.48400002635574,5.855609889514387,4.930389640475415,5.5751267659480686,13.014469649544617,8.461118447461223,4.1900114807328785,5.65866473597667,11.274762090441884
FK,5.115177782512914,5.059238433162937,5.394732765454391,5.111711705813616,5.065638761418803,5.967587587613121,11.544732239610425,9.492612115948052,5.050856110874782,4.827693011632058,9.87364809109869
FR,4.916499932677614,4.697156768655587,4.893820321816666,5.729117828726594,4.474669735804122,5.373275091258002,8.872254747913207,7.942933442373324,4.669474114634544,4.893097101735952,9.786441682590734
MS,4.278011650794506,4.362387194407701,4.336638445857548,4.520946135658361,4.297770774369581,4.764075861669735,10.746400926965944,8.549111237261425,4.627584514219172,4.747984569216919,9.730989171946637
KP,5.152336147398139,4.938005920566123,5.593537816880874,9.334227650051913,4.23595433993028,5.126948830553601,12.675025256811267,12.921704681691951,5.423880708676783,5.810470399114271,8.261975572025818
AX,6.1459503544438085,5.188868415613171,7.175838990489592,5.171119241910094,5.59238733672193,5.699706442123138,12.159684446753076,9.495047642569029,5.091756296307419,5.73622787991956,9.277981399362758
TD,5.354670729675296,5.790253082336787,6.113860897571902,6.803388326430078,4.798020890820094,5.899454281057866,13.582727096664588,9.629547339808427,4.479295511997388,6.216966408660664,8.991527399761235
TR,7.152935110017645,5.888820998363504,5.140490587437372,6.123970555761278,4.268469912181976,4.808358596724909,11.044531699291289,8.252035033363136,4.286972766667239,5.034013462495034,11.268093297972122
PF,4.9105977199159945,4.558063698539587,5.136718713687315,5.387290533158288,4.389400904255215,5.433250593034212,10.508108179360125,10.653269938634946,5.655788672335539,5.231031431215909,9.678584782963886
BS,4.8873146845942665,5.115760464869818,5.286319103054788,5.780520141749258,4.631188193950532,4.611240117134856,11.294521881970795,9.968844739730953,5.965192433033613,4.442961056935627,8.206386073025653
CI,6.545094673666785,7.1960084645949,5.9194720059459724,7.033112816430871,4.385595662534052,5.607107443502019,11.077502742252355,8.52756035262642,5.532805627701716,7.615283983528276,8.935815844823125
LR,4.9417414563464375,4.770440496305822,4.790089354608491,5.472770218221834,3.7925236537150404,4.870544222522498,10.148302190943822,8.94172414480002,5.215122484666122,5.137828563047754,7.817506614535446
ET,4.867459229382352,5.223691116257,5.418261873865816,5.910754752661686,4.873993607642054,5.522870468027292,11.758583422275567,9.836278876849018,4.651922488112517,5.42674077317027,8.583307421121358
LS,4.656453006564169,4.574300750588184,4.923033371497387,4.915902619237186,4.219941933515183,5.301392493114601,12.549997773095832,9.20054678953595,6.043199884715469,6.002875107239477,9.62719274479763
BH,4.681218675237943,5.594617511582235,6.291598942258007,5.592375008142365,4.184739501462717,4.791539064340358,10.697735743438344,7.647232987496352,5.1360401158807525,4.844917648890504,8.89476021308595
DE,5.153186752260626,4.430892004877331,4.784055123051022,5.112411797895577,3.8073186598585393,4.79079317509684,9.258466487193344,9.17094400834555,5.384180601204771,4.608005772455336,9.085764097699883
ML,5.2386230158257785,5.074825533549622,5.23327331988132,5.397780775752097,3.4395215135410337,4.57153176732097,10.407728182807674,8.852952696442522,4.58983677039435,4.829718653040602,8.29830844090461
MG,4.73699664087046,4.495915265611104,4.833934395897615,4.934079930135907,5.670526385306012,4.658086609621252,10.133897129254711,9.25843577092361,4.538925651809399,4.622558160873782,8.00759411046655
SO,4.779114539851206,4.624224527828917,4.788058343461323,4.901696804322093,3.8645095082064183,4.703972298392354,11.022926705607553,9.260691336974887,5.195979455435155,4.996354601061127,8.113927117241172
VN,4.96444541002613,4.937170999300823,6.881317516365037,5.06183306871456,4.163754455236137,4.962044714255655,10.629538242303182,9.474544381825769,4.411873325001962,5.044009914306693,10.097213043756213
PE,5.364938027819596,6.350564156933622,5.381063338453535,5.537763470533672,4.358193441595193,5.181213996297686,12.976601948705444,8.312411289023268,4.9503717684515545,5.543087169389959,11.07894446425227
VC,5.391421037643689,5.043752138588731,4.9882218404551955,5.27835195195708,5.0148598397398665,5.329132727379521,10.648006192909424,9.21444075301383,5.427739300484301,5.170081963395177,10.069413575750236
EG,6.141315580308448,5.376700452788017,6.556003838660346,5.610871469027175,5.129268996729661,4.609816350923586,10.826290362913586,8.920007784324852,4.328064154475684,5.326874618556239,8.01264689510314
PG,5.477154412160774,5.628028155277587,5.128872371362968,6.044697476963966,4.581077241682988,5.701129247227677,10.842091501134396,9.312672083085452,5.1549600127565505,5.706321239356294,9.623738505014211
BQ,4.702607856375913,4.642824230577597,5.468381631434131,5.836715713517975,4.289277050693287,5.2458375979590475,11.17501530914616,9.559272178342107,4.877975436176404,4.997503512158997,10.570226157757146
SN,4.624814766255281,4.678592845836055,5.491748414904985,4.945537979106499,4.215820692527996,4.75416755015111,10.631018107020509,9.81598994110222,5.146028206360799,4.733113078862473,10.59093652788684
DJ,5.747797026102841,5.92035596257847,5.604959349707508,5.6994667943012605,4.5826757675969905,5.6176660326864365,10.741836849515408,9.559333173613595,5.965757844916643,5.527617518063696,8.154577831566394
FJ,6.770791436098885,6.2899514060941,6.126172179402319,6.087345935355095,4.790075701909027,6.216575698216964,14.129079127706472,8.525256845865592,6.8296917088678315,6.937180153457264,8.051118630903183
AZ,5.714491742986235,5.612146344597831,6.3683372006090275,5.4098355988387805,4.9856607913039985,5.725026302428478,12.565088522827693,9.075123281886768,5.195524025989039,4.974156504530793,8.804446407387838
ZM,6.029599339025764,5.901631979868665,6.025020183751465,5.902327071122888,4.25491241921459,5.262053615461256,11.785363856040007,9.159106329643617,5.067655635931995,5.445308801574848,9.568294009079338
SA,5.150580525809165,5.47374013544546,4.664439512854415,5.2819245982387715,4.378515826228794,6.465727170267524,10.857208033702705,9.067541540678901,5.275366654967974,5.170243986366761,8.045668031946462
FI,4.922452618499265,4.53822074291179,4.648684492307975,5.329348241559391,4.211685177619492,6.035586236248474,12.891571438449041,8.31732809248101,4.233263439507878,4.4992757128760505,11.348063769614328
LY,5.885295150691807,5.268214020390866,6.077498197217144,5.766222291495515,3.6720193003522206,4.927593579507074,10.323847192868675,8.924207730611647,4.577895439950435,5.704468358392861,7.7378828231615735
MD,5.182814003418358,4.782054919465617,4.898206910796642,4.889936457074546,4.162377393245021,5.69116202962551,11.115534805647608,9.256535346057456,4.865873735639674,5.425080532429847,9.556305793484498
MO,5.807761799557899,6.413984010710985,5.833207897365114,7.545835145386411,4.714224362997155,5.830602519277722,9.973083226803826,10.58515259571967,5.974268869657057,6.733159791170464,8.922222642575612
PA,4.910691794388719,5.3511082395956455,4.926827580786834,4.854427884246515,4.056902797692818,4.464730667899115,11.450423091368313,9.809378371564957,4.7304635146555745,4.655905102962888,8.760667172367755
UM,5.7362652380819625,5.465879819205309,5.275605120374638,6.47776557449065,4.476196903929412,7.295257314416456,10.835385002799416,11.711708693697625,5.383647085559026,5.992889448243866,8.844225136069834
BA,5.597875517380041,5.36994443387931,5.4318295547694175,5.332326074070833,4.546713761150926,5.345949601936657,10.995171990962442,9.912036176420447,6.454792476355703,5.511577869672558,8.861422832459303
FO,4.921935393868275,5.151810748069342,6.433296712435883,5.168150710915285,5.204677633025459,5.651602753791909,11.217678281647949,10.159285616656256,5.7791781115139615,5.081490385496853,8.747807981499543
UY,5.746363506748481,5.796689651459128,5.972756337454007,5.789302599202683,4.743982811930478,5.67396440920532,13.300544355117582,8.676354736267356,5.14437359231889,5.734350691124152,7.979998833466936
GB,5.268145363712928,5.277945640085812,5.982060894858068,4.621044257992473,4.352303796052924,5.647879795898451,9.522282509991687,8.855690031333157,4.848511336614667,4.874085540679551,8.09764524089939
HT,4.877264448332033,6.01718418164595,7.07742754295959,5.134065772978147,4.10386919028073,5.200780907204579,8.970233043346177,9.535478272932698,5.432146529739295,4.9471166296320845,7.8795042684078185
CC,5.5837859077580205,5.195446308070196,6.135179690901031,5.079662171377133,5.979501634350985,5.6441979880583615,13.475249156212149,9.44234430523507,5.915680741965847,5.978608210851566,8.942683120613268
NO,5.5181971221510695,5.008594715003001,6.053398484342215,5.11058247856133,4.145407704148595,5.3625360054506315,13.446760540655829,9.191448796920579,5.01198570160139,6.166938010952265,9.359427058386496
ER,4.599844171010253,4.393676092904325,5.972142903086496,5.262651750688944,4.363948827663973,4.991117591481032,11.008046316954653,8.570617462480065,4.696209371904939,4.84086782383775,7.4095100736280015
PK,4.865584334704367,5.8634477989113405,5.220693453686335,4.6700561496537,4.372158910484024,4.513976818494921,10.638659442577339,8.557267243103714,4.534104433768276,4.756009863853849,9.879857583059769
QA,5.6823737123118,4.65530684261072,5.503255975506263,4.992550982129755,5.593604966293068,5.360224398430476,11.006239334133257,8.064475958980019,3.7910510644411035,4.712707994647777,9.905798586482794
TF,4.6184899182193515,4.6247675054941055,4.63742729375352,5.304632857093183,4.358414907843602,5.485057370361573,9.883772489599288,13.234685688476894,5.161199155116446,5.406470462575929,9.561808540198736
TW,4.857570742627575,6.79036034976416,7.559884218799741,5.495365945208381,3.747711623732009,5.050951677655978,11.94983013068319,13.287394851490577,4.486567804782449,5.0628919635523095,7.143390783888871
AI,5.019944700087629,5.038607186236841,5.003271445460471,5.706918205755419,4.576019816417573,5.225294250773492,12.066319273357863,8.874748696774887,4.848821579181428,4.781145488917837,15.490340943597294
GA,5.497437332001449,6.092559787222731,5.803493937457532,5.495088471919605,4.325883919024505,6.360841665573527,12.66398325079985,9.617385556153847,4.611875120661623,5.549963946774824,9.288877424514618
AE,5.087137511946086,5.256029987514055,4.925942142137435,9.804709374815715,4.353769451476102,5.371852171704277,11.138360214819107,10.85824045976219,5.470229473712447,5.004703850824649,8.948970058878286
MP,4.752553660994396,4.946802556044001,5.544250157296604,5.04807617265097,4.394626192289724,5.17733443491021,11.220864060203096,10.578659501024408,4.919230986629939,5.054527529946823,8.015523013066574
PL,4.988489421462643,4.493731657867117,5.066976650874887,5.705694620252673,4.112032902599396,5.61899552131079,11.645064942472537,8.235349623759308,4.743410392781686,5.2254307594207905,10.945520566234135
AD,4.676194606176935,4.518005348526984,4.639584121401201,4.8918210904844015,4.455704211740978,5.2486996814620825,9.954793331081616,8.17552392110774,5.113188256879277,4.734423271579565,7.610797244887732
BV,5.166000510628887,5.6030767917546855,6.2830095989649575,6.081962460522944,5.230604369425967,5.471521635258628,12.583369413412107,9.668270328677519,5.5901101522875765,5.6028184200899736,11.044078952981204
KY,5.063044494083583,5.4592802075100195,6.456321567796308,5.528449785756523,4.834334739146252,5.288621271867712,11.752026893126683,10.114679873657277,4.997558162697556,5.002175971292439,9.523298552016122
HM,5.616235588717637,5.566988936663233,5.82887114545244,5.6433033726632456,5.031431678376018,5.7291990312720085,11.676384004059562,9.6761393014445,5.092410223363227,5.521592613542641,10.068930418008259
BE,5.318341429466045,5.885595918475366,5.1735472897475185,5.755282503806263,4.4515883212072485,5.111438766539212,9.693697419066563,9.18022653608733,5.05440256894816,4.7396671560803485,8.757238940483813
UZ,5.626944177567636,6.284909052556774,5.9894016968309804,5.065391677706855,5.006186256757493,5.235696702023716,11.919102007047002,9.125552907674686,5.167070468952749,5.157919396818166,10.242309389923703
VI,5.77969263081125,6.2237057590047655,5.769529177048048,6.479556660311864,4.960903328599631,7.126531370401217,11.402472414256398,10.929306387138421,5.386153495987322,6.103288589292903,9.169121050322442
RW,5.275246871383607,4.85150850348712,6.191021264093286,5.229303850933016,3.96122793633061,4.81677677859202,13.42880879559735,9.020193415925405,4.64850843068557,5.063257783021579,8.663748691688417
CW,6.842963077395868,5.030168587412871,5.628910420770008,5.139137026342574,4.246305663384183,5.177762379741438,11.912902450290831,9.090295528782358,4.079478436795095,5.364921125212122,10.436267652043629
BZ,5.686716625722483,4.819166392740528,5.565002705814514,5.657402802790882,4.763212869713103,5.62855872911778,11.980291386091118,8.960214194937492,5.361965772290991,4.72817202965719,10.995320399890574
LB,4.906243958970267,5.604161965663149,5.319697936025788,5.398766952320043,3.9354550133439132,4.661138315606196,13.413446766333303,9.200304465275458,4.833526902740708,5.562257883465377,10.355934140128884
BD,4.729552222172761,5.319278261298748,5.049534333345983,5.428201320418345,4.859845688444041,5.039845452472373,10.683815726150042,8.944551073114756,5.339556811255217,4.727747605254947,8.73337318517562
PH,4.782019147622652,4.751051311739152,4.846747554589867,5.258257765904805,3.9440264800858693,5.5458198921018065,13.052339220524642,8.978785544521637,4.477844383099581,4.708515563714108,10.818749821437962
SB,4.898958055404493,5.3024097918364665,5.861274030406242,4.994251214260802,4.819401352004061,5.350514701557373,11.304819900344825,10.586581385427916,4.9959824769105055,5.192166479418049,10.066101031541061
AO,5.014692900736889,5.024458214364706,5.300079015878304,5.205954112770765,4.7146245096531,5.337548953441999,10.844120789717287,8.906309993075965,5.395238262089831,5.175027143877005,10.458301645492552
SL,4.70916900531951,4.730939029363702,4.780965085182476,5.428232495695487,3.9820329285330764,5.158052061424717,11.589984783467184,9.415977642698943,5.207513744406199,5.197844112146449,7.6054723104762845
BM,5.081588278647623,4.8126720730144275,4.66116837256802,5.286975647102499,4.277618492814642,5.469291471414341,11.120634413488842,9.342067176153012,4.570815649390285,4.728409552407283,9.82794176518347
SV,5.449568080261215,5.25810813228763,5.014611732355616,4.940999024777204,4.047627595724644,5.450043443482212,11.121185584441754,8.80916850222083,4.9619842352613315,5.561942391162034,10.000440884480893
SG,4.67958765380561,5.072140230474406,4.9937456449403825,5.1801745384074085,4.9419174896989775,4.95640754448317,10.676526866048368,8.597561827743823,4.576657754460689,5.24880062704051,9.664717251198985
ID,4.419653136299395,4.4553704134352206,4.700694828362104,5.095985257011288,4.517763061220784,5.362509648675058,10.538766699283139,8.551501593293663,5.299649108306643,4.982819722870231,7.986825919867871
MF,5.2272105640429345,5.542952911389988,5.130797974549467,5.426269867179598,4.396155156951766,5.020990677051862,11.488780519308863,8.184036995275724,4.77486050523006,5.068485468756216,10.696024700643635
SC,4.677153084590977,4.923912688590563,5.089752827389743,5.3977367319413325,4.751475801993539,4.83793850953595,12.73576391353951,8.733445571284216,6.447093652317117,4.683604150302548,10.451336966396138
CV,5.306289595153052,5.43039843670883,5.957172516909084,5.634300466827197,4.8910921076999925,5.29578065534427,10.767558910322895,9.113438296841535,5.263542254812714,5.979711769668284,9.690581124816593
MZ,6.102707894010738,5.451783749324203,5.725118654231254,5.332159189044744,4.858710911156216,5.269788601172978,11.669132660434018,8.915238702216215,4.460769340990426,5.348916103933521,9.82662676885011
BI,5.183772875837496,5.1043539232424155,4.90271314809907,5.4676045900007795,4.461951142032126,5.549081588445342,11.827819389403166,8.439139692496164,4.342324673687464,4.860418795780034,10.943493286188973
JP,5.396236226548421,5.948154668594869,5.418966182565034,5.7569603309345725,3.5059988224485883,4.6486679060196865,8.67494614321197,8.688786172925411,4.846496553180367,5.774954678564282,8.58020452848125
GW,5.274777310149089,5.893621571238196,5.234958955681548,5.68817982425195,4.593144329850111,5.614662397699009,11.776118748786864,9.903734367015092,5.301933685120654,5.533420934619593,7.788110063516575
CD,5.299341655508006,5.3360774142592495,5.545199012169745,5.82186147076909,5.24669441967978,5.346396001272385,16.406710153090984,9.942775483229982,5.924223960779064,6.063187803922108,11.028695593820935
HN,4.881014785499039,4.796279736310484,4.916866756068701,5.085678293639682,4.581334243852818,5.184784086519005,10.57882355579307,8.81440309257191,6.183497670389254,5.1014108485108665,8.84102563377553
GS,5.334163829515165,5.643990068862479,5.964004576735338,5.964920749825345,4.8169769008702366,5.926305013568196,11.379663971191146,9.203465679883886,5.1272905341990604,5.782169953541227,8.61738654720792
MQ,5.052393734860461,4.4735685179015325,4.634504044386357,4.651577231012446,4.586497367705478,4.610699744107788,10.48606189972505,8.684338056053473,4.0706196772364684,4.5486142239419705,9.541656047779139
RU,5.088762768434942,5.122370252182394,4.748308243769173,5.122647988156479,4.111905731637862,5.325041301623032,11.100863114720065,8.79174791910482,5.719440774332314,5.7922624460389915,7.792649853267946
EE,4.674439522710791,4.454077743440615,4.589119890881222,5.161599584916611,4.561454691306107,5.158851124982444,11.712677643357715,8.737401405887676,5.628945768177059,5.243730893899569,8.085793717469619
NL,4.481335335337536,5.554792826067324,6.349984917860824,4.96657285951952,4.241687421707234,5.248848880596584,12.651923751190832,8.912245056809564,4.586095012823086,4.693885894302414,11.398920208853148
TO,5.002366286021966,5.410188592463068,5.691803726677499,5.393284555621962,4.788111750800403,5.226464822267507,12.409855087180336,8.551107437291263,5.126472897020336,5.522039772451833,7.287507540952516
LI,4.283253464345179,4.493237350416285,4.329819287088409,5.375457259582394,4.510047046268133,5.06050832357173,11.258295309185545,8.786144931566918,4.908109920204625,4.971418910933034,10.008108792382224
MC,4.8537126744450765,5.197784221601034,5.028627349186036,4.798376526932729,4.283261580588678,4.6244157863985365,12.54997887112034,9.991019490103488,4.918987061482611,5.2086658394142775,8.775283158356556
NA,5.222571876119799,5.152435110040522,5.253294755839458,5.376628499516514,3.782578213032856,4.714607314009576,10.921495806036699,9.733451828146457,5.322490324665,5.248104237117966,7.976211474895157
MX,5.646553795367036,6.50094206064594,5.401083704230554,4.994535321344421,4.401195995786288,4.792947269570546,11.871614946683692,9.31259955065736,4.835832062717122,4.756777965913936,10.959573101690717
SS,5.199082166380867,5.672658254877643,5.5875802579502984,6.524060453276075,4.542725624546568,5.955353947880968,11.583982321789653,8.764516666052717,5.116214018822461,5.597258765711536,8.67117370258459
YE,5.399738793488344,5.385105184220819,6.03844606199511,6.404376537944367,3.6322133987295557,5.066930641560331,10.277902291061773,8.589105678100417,5.59074126014586,5.055489758764007,11.95226005747923
GI,4.871596728104559,4.843338046655885,4.979558313009075,5.011464397173196,5.089712205270643,4.896603782633422,11.812247538065002,8.61249812526208,4.548695542990443,4.6798322864642445,10.251619153518797
SE,4.868588810380069,4.722834577026677,5.82427819632994,6.156564668733163,4.063118339745966,5.241943146393697,12.331523544060783,8.45890179464623,5.360225694444168,6.17710365604511,11.863487788759064
IO,4.875242602016976,5.403746286671015,4.850150028864283,4.964066777534634,4.524525384005197,5.222978336566479,10.844630494422125,10.542819509505986,4.9418421986135055,5.246123721537383,8.752133002921324
TH,4.651190494411761,4.42040181562621,5.934354767032967,4.990521312702883,3.7805316964995503,6.013564091558363,10.603894015343984,8.238916364408238,4.314515873556837,4.618570694276394,8.69338383568215
IQ,6.609985643468532,7.026496594663609,6.742937786903607,5.7668405596774495,3.9638430032230807,4.692031136383698,10.541071850460403,8.146983108048376,5.576122488186918,5.970212571847819,7.292866503624602
NR,5.5626907040216285,5.298136789917521,5.222600150605801,5.651635843705391,4.03552493440324,5.261663973722828,15.041323646997414,9.29623242271665,6.96420729659079,5.628436707316817,8.932485704820863
BF,5.330530431659651,5.734727049838359,5.695614314090524,5.609931623263468,4.592177927945492,5.343617337243026,10.83654063499689,9.826869256056028,5.707992169044274,5.367591657447282,8.875515243798816
SR,4.708724437717833,4.844973754361353,4.6141370111869895,5.032730632652979,4.152169833542222,4.8293468825164325,10.54478511793828,8.842320428601457,4.406679531290001,4.785971522757551,8.125944017301899
CM,4.548057197557258,5.356116150834901,4.597126856727196,5.0774716163501035,3.9459163392657697,5.166825947220716,13.939766161036701,8.009082201126905,5.088712128004734,4.715273841414268,12.232917777707897
CG,5.8185253101066845,5.256875309616307,5.81874056935454,5.797356417280409,5.111555914884352,5.938553569850644,16.438233224012862,9.9284280938411,5.619601736372723,5.991604344152038,9.984916451469465
DZ,4.784753433455378,4.8074073832736985,5.151401254403124,5.80237134030683,4.888245929478806,5.034801568884894,10.203532192404401,8.78749231040584,5.693645531046784,5.06398872107235,8.57377159605292
PR,5.206088441834888,5.306863982877257,5.660689986414619,5.856561287120362,4.537654668075471,5.127781162725338,11.014271121563619,8.671427301445567,5.36110470957636,6.2181677714270736,9.264013455458214
US,4.759200692239225,4.93506996338271,5.810760082421261,5.133999373334177,4.023955834921161,5.110675691946875,9.269670573953325,9.956191334118236,4.641309558658886,4.909286612433633,7.893532456834171
EH,4.643600315992734,5.224739322159049,4.782954491972305,5.450256575947292,4.847470817287247,5.113600968743965,11.474076247634422,10.266278911326566,5.625077387147211,5.439812518976947,6.7908145480529765
TT,5.549675900906798,5.4720398392799225,5.599317219228124,5.432327387439456,4.609696815587452,5.5511204326172425,10.140214471515076,8.890739960460056,5.7991326573974575,5.463570282103962,8.527895361087937
AL,4.931437991147308,4.799302111363106,4.943668624096878,5.355941401039245,3.9298356299431902,5.009765570041401,10.776050703406117,8.855217250980727,4.988473249611443,4.941706261186218,9.169544085884912
TL,5.24244178179299,5.58976244136757,4.7330038603866935,5.387442121660424,5.223335926611569,5.2086026705425414,12.867201477925315,9.123748722159418,5.585206652147972,5.925794448399896,9.379330431787505
ST,7.792719741636876,5.828643705465113,5.606182483667693,5.5405876872165845,4.572957364505463,5.601412583769606,10.102908532742896,8.516649003284332,5.5464199674152574,5.870048537675133,9.834705228516276
TZ,5.121194035923971,4.875889047142737,5.223630107386482,5.127442648717438,4.257591948285694,5.1616441697853945,12.15202871255056,9.054524147456181,4.618073302107903,4.6221871711371705,8.722556637117442
SM,4.97332956158184,5.081973620432412,5.235031660696707,5.367908529156861,4.306401022540899,5.040348803162372,11.67372226256533,9.068079442929957,5.28380126374218,5.287088346750781,8.717226416988607
WF,5.834991646096252,5.6915144565958595,5.387024401901652,5.632526022353124,4.815826977880341,5.964162658003525,10.781535706494354,9.399027997503255,5.294147794677577,5.794113953354321,10.045195981914336
PN,4.811406495496593,4.989570385071212,5.614706692515662,5.58705452467193,5.126901253816567,5.307700370282715,12.145296084178327,10.075613703755664,4.57181056820426,4.963089919081245,10.875397070527711
LV,5.18000087241295,4.4191316360892,4.2355442467044515,5.477131344891561,3.7313136191412846,4.837090398453873,11.882134651052809,8.610895610273467,4.541565288514007,5.238195478858235,8.039333338847053
CU,5.913737951657766,5.727660482908911,5.862716769818974,6.098569568715456,4.467325167554882,5.178669729817397,10.855303667634757,8.936584013782438,5.042385086358169,5.841482546314155,11.346529239190858
IM,5.283867693897008,5.431319136953156,6.3859103602988885,6.684035907152004,4.959555814718342,7.0356716093639555,11.994706520303984,9.37710779633248,6.406507967031742,5.503325305575607,14.123086709804252
UG,5.33641544749494,5.228532390385943,5.355680947978297,5.437640083264717,5.041896918045063,5.289677673100756,12.529827811045257,9.55725719318294,5.0384639171631695,5.404008810917127,7.449678214231544
HK,6.028192096361082,6.816877963216883,6.207748054534001,7.225518497141038,5.551917619077474,6.092385722254475,9.691391729394283,11.204185246716808,6.267487374447758,7.091580218978229,9.538263901816652
CY,5.590031363477361,5.353243271414287,6.028837420540721,5.619176455462135,5.465661928735813,4.898674104615048,11.310953368929514,8.819099449626318,4.959647902999763,5.388900823107668,8.667076551133949
DM,4.905002711188735,4.79122899558045,4.9542215378675145,4.840314483432344,4.252055344632307,4.867749025808239,9.92969030180096,9.68921476776799,4.775463892411434,4.8257877136477845,8.703164719215103
FM,4.445168340305463,4.318805092455836,4.59630630666398,5.182642000755939,4.428981482790924,4.851506352829781,10.688253722855888,10.240491051769823,5.466164266003965,4.813922238855269,8.3785894247884
GE,4.866880431374554,4.911349904761157,5.32807011710032,5.975149118520125,4.616148817803841,5.42200415274454,11.571497345709101,8.629181785125956,5.764178840838903,5.19006335754026,7.357911157179444
GF,5.117978478840684,4.896555374926351,5.309888174283666,5.527062996105413,4.462263985483415,5.557213613281171,11.897831569355692,11.706363195703616,5.413495861941667,5.291554094031444,9.006861835120441
NU,5.449828042012032,5.409596858906944,5.23925225642511,6.753008844851319,4.044167729478481,5.5326439921224235,13.497069908390024,9.96960550002262,5.192300664326129,5.740905158675165,7.725288126767368
CO,5.025465606502945,4.896988776328081,5.0662501958635,5.434112433224229,4.143830050294402,4.870894417091813,11.670381667391023,8.746616806936968,4.664713845891998,5.130087380151562,11.392874428377214
GQ,5.20039030312374,4.733660988908587,4.77068105830214,5.161911954100988,4.4597554628760525,5.270404977229439,11.54409824299496,10.789645279358298,5.169681791572955,5.385974401406168,8.40689071223837
KH,5.027986389672372,5.34315365868171,5.408598997846829,5.402560501306298,4.404195455469364,5.104714841184334,15.304267567762816,8.933148078097307,4.615661808344456,5.3726337798565895,10.439654733389087
KR,5.137663429181218,5.113805420384592,5.646507304259566,5.361580678676956,4.455891760002107,5.4881329352911985,11.304645467251149,12.13883964693444,5.241071761737333,5.739818009619204,7.193438561544465
BN,4.879437835645029,5.865674657562276,4.705446383599824,5.653421462412408,4.099567948719051,5.5048076940345565,11.167791666474884,8.966858990332257,4.797502817948462,4.614866709199797,8.58231157146646
PS,4.319925628693828,4.5140538028976245,4.2320089865483785,4.40974007742955,4.449961140440274,5.331702690080672,11.261432257397113,9.902926948485645,5.160751039832463,5.062420533569327,9.265655638384581
RE,6.487039454728192,5.199687918482247,5.5147846570713375,5.406843875602087,4.186819419865541,5.158802060738443,12.5626103730956,9.623347295061809,5.345845827831223,5.121744858054451,10.700578203226705
GY,5.3785961857610465,5.316356509025678,5.705399215386577,5.329064578469915,4.3262024448904235,4.988902003676171,12.835919733610941,9.358658669945415,4.756146950677292,4.947906017879624,6.633294960553585
SX,4.691700278079473,4.941852717501498,4.988051787809252,5.310953840371828,4.409608092114864,5.084097619484749,12.36162226611181,7.918071513113812,4.654353639323456,5.055001669825785,9.882761355473033
CR,5.175706581300427,5.27497966576632,5.48013951577821,5.497810339521584,4.397416904054229,4.481290652772108,11.133132674625427,8.60084589806213,4.963622119319612,5.743316074168054,9.038714135843131
ZW,6.008076043700901,5.8315934859518235,6.788732730910446,5.4969519986575035,4.469677234747333,5.3305273094142684,12.253530530414901,9.093885455864514,4.947688044367754,5.739592192549696,11.877318012124555
NI,4.966542903446604,4.808881414914006,5.019305385286587,5.024272083851042,4.331465809355141,4.934987241910583,11.352088053177718,9.096786202973217,4.473806814076423,4.90716596175636,8.611367971352484
SY,5.1480982932739625,4.78181255556923,5.636434734086807,5.2751135197406285,4.111905731637862,4.530335140981629,11.975342995164246,8.520069946960156,4.734374752449299,5.000605562155122,7.317620962458055
LC,5.773039887880372,5.439314986380159,5.028059425657264,6.132005477163862,4.312061924680677,5.301560355106108,11.890789939202453,8.300375716363726,5.262980198832582,5.6555844425095785,8.33511911732617
BO,5.093849761467856,5.113134042976765,5.005221350037727,5.145991388341102,4.0121629384222945,5.093124435578161,11.887471677946923,9.411390074522,4.991542035334983,5.079212902788944,8.976473507408452
AQ,4.51684170083673,4.9889335721016685,4.672286292452011,4.728866529633235,4.462862162597132,4.825331210805054,11.290542816146429,12.681944030015663,4.549237670349964,4.491488127492626,10.581250169989445
GT,4.789327547056262,4.5944174729977165,4.698594599708921,4.869738629498714,4.006368539459156,4.801011196555489,10.70150685279074,8.942599179584533,4.49277983401437,4.589022327883288,8.903474120759764
MV,4.97102594238547,4.808987545821786,4.834969927903514,5.424912806391705,4.577481819519402,4.994099902015121,10.540606275337964,9.515802858491806,4.689724897979265,4.662407007888788,11.179429854713439
MK,4.829119263418796,4.766460954311591,5.331051209254292,5.04089449507045,4.264601192803629,5.304257952287812,10.72744585238341,9.880589374879621,4.8933964924120925,5.259384897746776,9.075122755252318
MT,4.872937357098899,4.7964358667513105,4.78544376404414,5.298140834898525,3.8991525862174674,4.728551484972923,10.91438464348248,8.64533057537419,4.431981766748458,4.751118096887746,11.047400059932396
SZ,4.856715021954299,4.537755652694246,5.467920027191401,4.892495112866988,4.459321812018395,5.115023766181354,10.636370370204887,9.540078956755453,5.327865400107239,5.0007962124717995,8.410127505250859
BG,4.999722321233568,4.985789827334833,4.910515490466008,5.2290431584527255,4.254409843358659,4.9723194888547635,10.197234414882061,9.10319591539587,4.619716027109334,4.644558477880027,7.741519664365008
JM,5.09374904342408,4.821701910617022,6.244133771405275,6.078128637046997,4.032264990851926,4.9132202558419324,12.147804309474012,9.144260348783067,4.994892615162173,5.077076719936187,8.427871384563096
HU,5.417436504420508,5.826232036317764,5.1925125589622185,5.187793150827021,4.544630683436293,4.852680639114413,12.431238566733043,8.735574583080885,5.817009641875598,4.640729355276788,10.122713436215184
